{
  "project_info": {
    "project_number": "400323427777",
    "firebase_url": "https://musicplayer-e2e20.firebaseio.com",
    "project_id": "musicplayer-e2e20",
    "storage_bucket": "musicplayer-e2e20.appspot.com"
  },
  "client": [
    {
      "client_info": {
        "mobilesdk_app_id": "1:400323427777:android:4ab3f2d09a3371b7724340",
        "android_client_info": {
          "package_name": "com.example.musicplayer"
        }
      },
      "oauth_client": [
        {
          "client_id": "400323427777-746pfhu53ugulss13s4pnr4o966ui7d4.apps.googleusercontent.com",
          "client_type": 1,
          "android_info": {
            "package_name": "com.example.musicplayer",
            "certificate_hash": "d17a5adca4c1c20e4f9255b73d36a3ec21d9681b"
          }
        },
        {
          "client_id": "400323427777-ha41f2p4e82ee51jlpshteio3jd51i0o.apps.googleusercontent.com",
          "client_type": 3
        }
      ],
      "api_key": [
        {
          "current_key": "AIzaSyDIYUc3BRu6juZT4peKYbVYtafxz3Sqboc"
        }
      ],
      "services": {
        "appinvite_service": {
          "other_platform_oauth_client": [
            {
              "client_id": "400323427777-ha41f2p4e82ee51jlpshteio3jd51i0o.apps.googleusercontent.com",
              "client_type": 3
            }
          ]
        }
      }
    }
  ],
  "configuration_version": "1"
}